Password,Rule,Length,Strength
B2CxOs]YlJ8LPz6O,30,16,95.23666697176999
RHrERvW2M77GjBb?,30,16,95.23666697176999
@omkg9NrjImSGEDM,30,16,95.23666697176999
Qh!9H@!m4L2qfYOu,30,16,95.23666697176999
QmL7gp2FgX!K3y1w,30,16,95.23666697176999
;HNptWib0DW6cP2C,30,16,95.23666697176999
i3ihpuYSbht7bFo[,30,16,95.23666697176999
4OZ.e02cNqPZj4Tq,30,16,95.23666697176999
b2WreqY7FEq!moRK,30,16,95.23666697176999
n1auEIhs7a3&30KX,30,16,95.23666697176999
kwWT3H@E0MkTACcj,30,16,95.23666697176999
jJNc(kKXMa6EVTeP,30,16,95.23666697176999
eq2xytO78Q8DCZ!J,30,16,95.23666697176999
e@OPrxBryzv9DKVe,30,16,95.23666697176999
8UmW6GHf!fF1D2q2,30,16,95.23666697176999
n9n&4HcT83CvRIdc,30,16,95.23666697176999
t2oFiUk+1JZE23kY,30,16,95.23666697176999
@fJWTHjULRo3EtVq,30,16,95.23666697176999
LS0XtJ^kaPxIw4NR,30,16,95.23666697176999
6sDpoxJ?13cdIA9o,30,16,95.23666697176999
qq3RaW@enqtSgHDL,30,16,95.23666697176999
iOVU05X8oWpo6F!K,30,16,95.23666697176999
lgtFqT2sR&aF1RXL,30,16,95.23666697176999
@RIVEX1XPrEGJfz@,30,16,95.23666697176999
IoEs8eeBxin%PcjB,30,16,95.23666697176999
ZtDiMm5k=r4PhbTd,30,16,95.23666697176999
eUl{8jPLDKSYJQVI,30,16,95.23666697176999
mP7EB3Ffia^xg014,30,16,95.23666697176999
zQGwtKlTIBoUp{3R,30,16,95.23666697176999
i13c2h7cO(T0S09P,30,16,95.23666697176999
36gTs9SX0O4@hiOK,30,16,95.23666697176999
V8frCUV3mt=AC171,30,16,95.23666697176999
r5e%WFY9swDLgYsy,30,16,95.23666697176999
i}uZvzbkm9PTpxVP,30,16,95.23666697176999
mNnz8XNonnG1Bag^,30,16,95.23666697176999
n}tgAVsFxmdTGNK3,30,16,95.23666697176999
jIg8GY7So.alPP56,30,16,95.23666697176999
Ts6cR2KKmOSJyoe@,30,16,95.23666697176999
5urHleW46!bkCUks,30,16,95.23666697176999
fNDW]qWglVukGkh7,30,16,95.23666697176999
wnL5164anom6Fq_r,30,16,95.23666697176999
ZMG2fb9NBy&JV0qu,30,16,95.23666697176999
29J!elGT3z@w7nTJ,30,16,95.23666697176999
{tpprVcGtkGe1xvt,30,16,95.23666697176999
PXT[Q70q6C8bAWnd,30,16,95.23666697176999
0=hhdaiI0BnkyG9R,30,16,95.23666697176999
1H1sZykcbIMdoeq!,30,16,95.23666697176999
H9CVzMbWZ!MK@p6y,30,16,95.23666697176999
4g2-zpdUJI7ZoqPM,30,16,95.23666697176999
8wD}SizLRzuEdwFt,30,16,95.23666697176999
Z@ufkNQhT8eYI21A,30,16,95.23666697176999
fYLzsFYLYu?8gmNB,30,16,95.23666697176999
b5iY5gSC8RK!Vjjl,30,16,95.23666697176999
DQ!sQ2VDATYVrV@!,30,16,95.23666697176999
hmyd77vbZEjb7!e4,30,16,95.23666697176999
@iK1oFaL4cg8v3gO,30,16,95.23666697176999
sQN|wopLL6udgml6,30,16,95.23666697176999
eArKx=GBqhZmg8yQ,30,16,95.23666697176999
1y4HaVG5xcVNr!LL,30,16,95.23666697176999
BLXnnBUIhkG&Iza1,30,16,95.23666697176999
fwU4nLKqNKc(PCkV,30,16,95.23666697176999
bi1I62f6dewll.bU,30,16,95.23666697176999
qD4cw4LgQ3TJ!cfo,30,16,95.23666697176999
3lY@TBzBp4jz@arV,30,16,95.23666697176999
1vWcZ:cEhC5KQfkv,30,16,95.23666697176999
aqfqkcqB|1fMBFq3,30,16,95.23666697176999
gicx7I3TXhGWP@g7,30,16,95.23666697176999
@cf8@rW@00WYSA1a,30,16,95.23666697176999
9c6o2%XL9wSxvNYO,30,16,95.23666697176999
f4pR=AAKUZUn0XoR,30,16,95.23666697176999
uto&UP4TdJ8k2yRw,30,16,95.23666697176999
uOT6tzRUgnuX@ZCU,30,16,95.23666697176999
mokRl0oS-ZBZaJ78,30,16,95.23666697176999
bWSDhK6Wvq-fhODI,30,16,95.23666697176999
2O_JOQvkiXIDqaRl,30,16,95.23666697176999
Qdf8Yzz0NTg@ngxy,30,16,95.23666697176999
Rl>456CBPlUgpAPM,30,16,95.23666697176999
QgCoFhiJ9BoVXve@,30,16,95.23666697176999
Z8O!aMbh@Cnq3V41,30,16,95.23666697176999
BUNnlH(bXOL5UGtI,30,16,95.23666697176999
Y8dKrDO@UYRmfhcK,30,16,95.23666697176999
JeaMcIuX]IMTL1CT,30,16,95.23666697176999
y2jBRqxxxEMih%eq,30,16,95.23666697176999
8UaKkut.cf419V2V,30,16,95.23666697176999
lI@Wc!NIC8P9ixDb,30,16,95.23666697176999
U(AgTA0k5whxbvd7,30,16,95.23666697176999
onCxRoCs<Y9GcyUV,30,16,95.23666697176999
z1YxqaVc538H&l0v,30,16,95.23666697176999
hIHM6ZFJ!cvWoSLj,30,16,95.23666697176999
P1iiqxV;IEPoBPgD,30,16,95.23666697176999
EFdJf|NIHxUJ16br,30,16,95.23666697176999
@1OhKzomAR@NRPhS,30,16,95.23666697176999
MhJJiRDsfFY@o6iT,30,16,95.23666697176999
SUjn4uGP)xkt3BOn,30,16,95.23666697176999
2@bb7Z2rOnSnHQcV,30,16,95.23666697176999
g9OV64!sRexvHwXM,30,16,95.23666697176999
E!MY0oghSWeDyVc8,30,16,95.23666697176999
dSzuXelYCB9rq<F4,30,16,95.23666697176999
oVg+DjqP8oZeeTzj,30,16,95.23666697176999
Wax[OiIRNHoz1KeB,30,16,95.23666697176999
s|pf3fEPlg0AEnuP,30,16,95.23666697176999
l@7@rEM7zfp!1wRg,30,16,95.23666697176999
idLB!i3avMSszUMz,30,16,95.23666697176999
sI;S2t1PvsfISeKH,30,16,95.23666697176999
kt3qaxklANx9d#qK,30,16,95.23666697176999
kUmPjAwrieva4Yg@,30,16,95.23666697176999
X8IHiJqWd1gl38g;,30,16,95.23666697176999
JAWpvF8Hmfs$WApL,30,16,95.23666697176999
rv49om!JUnOe6ELc,30,16,95.23666697176999
6YINyvrcoq2RyXx!,30,16,95.23666697176999
JM_mj7ZzKKmfUTIJ,30,16,95.23666697176999
gf@CycztvzZS5A7M,30,16,95.23666697176999
muvdrzYwhw3sg{wM,30,16,95.23666697176999
z2jpsWUZi9fw.gPd,30,16,95.23666697176999
QPh@GsUuDIBKa5ly,30,16,95.23666697176999
@c27re16BqTXwmLt,30,16,95.23666697176999
dl54uvip1E#zBTsk,30,16,95.23666697176999
ogOnSTtC1f@j0OV!,30,16,95.23666697176999
40UB@8I4vUlrmZkJ,30,16,95.23666697176999
clSpAa1l!CQnKx5x,30,16,95.23666697176999
unqmd?qzG3X1T1O1,30,16,95.23666697176999
d8hdPziYQmvy&jNg,30,16,95.23666697176999
lVynkx4rY!G!ka9V,30,16,95.23666697176999
RQ0kkp.mMSjDHrUh,30,16,95.23666697176999
UJldek.oE1LNDXBO,30,16,95.23666697176999
rufWZL/tGxAO9msm,30,16,95.23666697176999
ppdLGM!@1NL5INQT,30,16,95.23666697176999
snn1@YuU32N3BZEs,30,16,95.23666697176999
XkRLFxxl<RbEPzxY,30,16,91.8903260740085
NlR{Hm5TKgY80Fga,30,16,95.23666697176999
IbLiR4TSA/9hyaPL,30,16,95.23666697176999
(kPhPqVkfkXy0Lzj,30,16,95.23666697176999
is(kujeUOI7myogh,30,16,95.23666697176999
8Q1N9SGeC!d10L!@,30,16,95.23666697176999
jTFfrK_glWzLZKd2,30,16,95.23666697176999
(NqRA1txsSWau8V6,30,16,95.23666697176999
pQ0WrKU1fgH5Jm$e,30,16,95.23666697176999
ZzTuIzRbTKt7ErY[,30,16,95.23666697176999
r9hQdhLPdvfU6K-I,30,16,95.23666697176999
Amq2L7qlCDL!FxvR,30,16,95.23666697176999
HB.xUe7IC9TMBZTT,30,16,95.23666697176999
h2NxYf8;1Wd2b26z,30,16,95.23666697176999
HVbIC4OL_j2Epp5e,30,16,95.23666697176999
"vOm6pnc,WSoiTcBs",30,16,95.23666697176999
m1bT/cCNSzcjZFPL,30,16,95.23666697176999
TR8tT49wLiO>iaR7,30,16,95.23666697176999
uKSy01H8fbAh9NI*,30,16,95.23666697176999
Qn4McUe;ZOlbVoUn,30,16,95.23666697176999
@Rc6XH@ar82ajmr!,30,16,95.23666697176999
LK1MF4VW0RS^ZIdF,30,16,95.23666697176999
9evpfLJ@TXnkGSNh,30,16,95.23666697176999
XqyU<k0Jii3e5aPo,30,16,95.23666697176999
WPGVQlc!vXt5ule4,30,16,95.23666697176999
bIkJnroN#9NWaPyx,30,16,95.23666697176999
mqMVoFl@@9kTszwS,30,16,95.23666697176999
@wV4nQi2gkmdIB@4,30,16,95.23666697176999
LNaZV7KYPmBHMlf&,30,16,95.23666697176999
H2dU3JH91T8aJ:C4,30,16,95.23666697176999
CJYfy9754PZQMX!U,30,16,95.23666697176999
7QrXuYnOEz8XUm!U,30,16,95.23666697176999
nsZHt@5DRFEtCBbh,30,16,95.23666697176999
7NMrbDrbG@lLBVhw,30,16,95.23666697176999
PkJy1SWk0V[IWQKK,30,16,95.23666697176999
7K@puV6!ku6dhrd!,30,16,95.23666697176999
Os9rF8ee@N1wt4FX,30,16,95.23666697176999
0z7bewAldIeZT[D8,30,16,95.23666697176999
BVpMKSB0CbU?MgiT,30,16,95.23666697176999
GXhS/Msozy0pUAot,30,16,95.23666697176999
aKbHn0BnoHwd@8J2,30,16,95.23666697176999
zcFE5EOTC{yOFTxP,30,16,95.23666697176999
pwTb8WXsTLenOU{4,30,16,95.23666697176999
o5X5Afe0g*utgc52,30,16,95.23666697176999
yK4Vv@ZfjOlVnMdO,30,16,95.23666697176999
L4ZRlP6zvF#Cbv1A,30,16,95.23666697176999
)bckZXzGSq0yIzGH,30,16,95.23666697176999
IRDYABU1sooC?vU1,30,16,95.23666697176999
P{SDBO29oXRmBomb,30,16,95.23666697176999
CHTv6aaD=G6ISwR2,30,16,95.23666697176999
5lfLFR6x!2w6CaAS,30,16,95.23666697176999
Am6L59q3npq*Zlez,30,16,95.23666697176999
O{XkxaBZjTcCkS0W,30,16,95.23666697176999
hZnY3qdWy5o%Qt6d,30,16,95.23666697176999
ha#66NIhyDRbHwBV,30,16,95.23666697176999
QPqVHQYn84N0Z3b],30,16,95.23666697176999
TolqH7GyEd!TmfjC,30,16,95.23666697176999
owBgW0zre9V6y!m@,30,16,95.23666697176999
2vZwyT!DohlruVRU,30,16,95.23666697176999
3b8Tqu0Gz.7w54go,30,16,95.23666697176999
hkgCl_FCdijoo3Qg,30,16,95.23666697176999
W98ri6@3jRr84fu1,30,16,95.23666697176999
Dlts25FtL_I1flmk,30,16,95.23666697176999
YIMXL9JGdP8di9@B,30,16,95.23666697176999
hv4<fHf9edyYLd0s,30,16,95.23666697176999
sUGS@3e5nZy@UdYe,30,16,95.23666697176999
2uq35ipdDx3JJiP_,30,16,95.23666697176999
eM5M0JOEyIB4DIr*,30,16,95.23666697176999
vUEJ4fDgr6g|AZqi,30,16,95.23666697176999
KU14i5T!gPRmjjC1,30,16,95.23666697176999
08soRBDiC1U2@MDX,30,16,95.23666697176999
ULG8tcZ!i9DJMhVm,30,16,95.23666697176999
Tsbj67qRHAjc!05J,30,16,95.23666697176999
hKRt.5sY7vpYqb4l,30,16,95.23666697176999
ULypj7d4jN@jL322,30,16,95.23666697176999
lALxOTO6yXA?bLU8,30,16,95.23666697176999
ileABQOhU6B41J5^,30,16,95.23666697176999
y9elmtVMX*UtbonI,30,16,95.23666697176999
j!qf39Ucag0c7KLi,30,16,95.23666697176999
DFJTlvOpL4>YUaUp,30,16,95.23666697176999
Fg0QCXd1K3-ZWfrz,30,16,95.23666697176999
04Mh@QCGhHq0PDke,30,16,95.23666697176999
cyn91dPw$tNuBaMl,30,16,95.23666697176999
K5BtPn0kDTh1h49!,30,16,95.23666697176999
AkCGMf7uLrgewY@J,30,16,95.23666697176999
V@IO0CfE5zkcstA3,30,16,95.23666697176999
bD8EL@z5JOmhDush,30,16,95.23666697176999
cPs|htOf8cEvqkW3,30,16,95.23666697176999
pejqsDGB9A8zv3N-,30,16,95.23666697176999
i8yZFEDUleO@lFDZ,30,16,95.23666697176999
dJWG4El5swxy#GBR,30,16,95.23666697176999
0lfWwLwZ!mRzuQyN,30,16,95.23666697176999
"BEaioKtrAtl,8aFk",30,16,95.23666697176999
jIRw3uQAyf[1JYbq,30,16,95.23666697176999
hCth37C0Jqgnx@2c,30,16,95.23666697176999
Hl05tBQe!sG6Gs9A,30,16,95.23666697176999
eq=48w6vVxC3Vk5i,30,16,95.23666697176999
b1eJrNFQQmb.D63L,30,16,95.23666697176999
09Fcs!uSFBbq0VkP,30,16,95.23666697176999
dHykMkdU/QkTgD7p,30,16,95.23666697176999
ix2z26DgI&7oLs7P,30,16,95.23666697176999
EVuNDnQ@!os!FDF5,30,16,95.23666697176999
Y]nZqoG91jx3Ats6,30,16,95.23666697176999
E&tgqBFWZvG7jUUi,30,16,95.23666697176999
sBaNo=4GoHi4EMhA,30,16,95.23666697176999
19EYhr5Dlgk%0UBe,30,16,95.23666697176999
9T!wH2K61Sk7jmCD,30,16,95.23666697176999
w@SfZg4VLSjZBMNa,30,16,95.23666697176999
KZxK9p?fvRQa2xpK,30,16,95.23666697176999
fdM3Ct79i1m|axC1,30,16,95.23666697176999
0X6ETDv9zk@6vJtB,30,16,95.23666697176999
H5DIHfDlIu[0z9bN,30,16,95.23666697176999
IHMSl4CIf3fgP2=d,30,16,95.23666697176999
v6k4BUntfFgEwK+B,30,16,95.23666697176999
9J4ZDD!Ac4K14Pr9,30,16,95.23666697176999
Loqj9w(LUyqAXloF,30,16,95.23666697176999
5JNhpLNabsRJrF!v,30,16,95.23666697176999
r3:pKgnW4qH73qge,30,16,95.23666697176999
US8@o4mHNRnOm!42,30,16,95.23666697176999
DuD/Zre5HExZ22lA,30,16,95.23666697176999
Zm@s3!W@SqXNYjP9,30,16,95.23666697176999
RyBYTV7Yhc!3VSJG,30,16,95.23666697176999
xNNimsZAeLum7jb&,30,16,95.23666697176999
kBnoWJ8o;GVArhlF,30,16,95.23666697176999
QuRdJ7f}eK6GzrBA,30,16,95.23666697176999
pYencFGfyC6we;5Y,30,16,95.23666697176999
z4xo8vhTSJNttz%D,30,16,95.23666697176999
.HC6GFazq8jXbp4d,30,16,95.23666697176999
@DTPYltb@pqnxQ0f,30,16,95.23666697176999
I4ljSPHEUn8h#FV4,30,16,95.23666697176999
2IpeARRUXIvR!FAP,30,16,95.23666697176999
5eqFjHV=UjDQIUHN,30,16,95.23666697176999
KcPGPrGf0$OaiJmj,30,16,95.23666697176999
uYzLaqujWEsI6!6t,30,16,95.23666697176999
BnGx6EjulULJLc:P,30,16,95.23666697176999
0MFS!LuebhFVAWTo,30,16,95.23666697176999
}VrBUDO9hjBhVuGf,30,16,95.23666697176999
PN3X#gyT1P4JAUM5,30,16,95.23666697176999
X8UynZD@E@a6j8gG,30,16,95.23666697176999
Gh3s2Qa4Q6ts%C3d,30,16,95.23666697176999
an}5qZvjLbw0Ki8M,30,16,95.23666697176999
AqdHDO5xFmkpbCP@,30,16,95.23666697176999
aqy2yo!Q5VT5KBiL,30,16,95.23666697176999
@TL7tPJ@bxqZjaEH,30,16,95.23666697176999
@9Et1gNMzYQO5zrh,30,16,95.23666697176999
iQoXjjQiZ7vhY%QN,30,16,95.23666697176999
LscpY09G^2wM2q3z,30,16,95.23666697176999
15mfO@LogRb36GVJ,30,16,95.23666697176999
A!INfwAsLAj37RE6,30,16,95.23666697176999
htjd!AdT9FqIwsiw,30,16,95.23666697176999
l1ebrLS7pHk5u.b8,30,16,95.23666697176999
AtouPlwx!iyF4BMl,30,16,95.23666697176999
%UbIPJr6o72mAjKM,30,16,95.23666697176999
twJA9FZxLcquZMR&,30,16,95.23666697176999
Rg6wQLdxgKGrbB@z,30,16,95.23666697176999
99DLHD@RPlM9tYUv,30,16,95.23666697176999
V%qN3dJzIhke2bF2,30,16,95.23666697176999
40dot!eSya3!2MB!,30,16,95.23666697176999
kRij!tnPepqW!8RV,30,16,95.23666697176999
mJndYhRh!s4Z0IND,30,16,95.23666697176999
1UDgz%aScaCBcqAm,30,16,95.23666697176999
AzYfsJaQK0@h7NRg,30,16,95.23666697176999
G&vXhFqBelGdgDVr,30,16,91.8903260740085
|zAX071HYxsoV60I,30,16,95.23666697176999
WDWLGkaUVV]3zWWV,30,16,95.23666697176999
bMgI5Dfv3KRyS8!8,30,16,95.23666697176999
"roM9LWakKKO2sA,J",30,16,95.23666697176999
2BkeLvAe42T:HmMd,30,16,95.23666697176999
7fYwCtrx@QFrxygm,30,16,95.23666697176999
Acr*9zktD8nbjK4f,30,16,95.23666697176999
yl1oSavZ@bSee0k8,30,16,95.23666697176999
Y9jRFwz#WCEbFqpG,30,16,95.23666697176999
6Ie1CahzEg%S7wFf,30,16,95.23666697176999
NuuA/D49hMV0noxS,30,16,95.23666697176999
fGbzXLhz2ozoYU@m,30,16,95.23666697176999
LsU!wIzfeofOh3sa,30,16,95.23666697176999
q36m@NQDM1dy6JE6,30,16,95.23666697176999
s>i1a5yrAsRnjECv,30,16,95.23666697176999
isxCyW4RDZ=kR5KZ,30,16,95.23666697176999
Y0YK6adDpBD@8H2r,30,16,95.23666697176999
XcsnpLG2L+pLG14H,30,16,95.23666697176999
vD7TPkgxAOsf(Xtg,30,16,95.23666697176999
PweSe6n1Ozb4=dK1,30,16,95.23666697176999
w/xWE7jsWHTExMTk,30,16,95.23666697176999
oHGo@XumB5D1LDAz,30,16,95.23666697176999
mHujd%fMHa7HNeU9,30,16,95.23666697176999
toaz31@hUKlBAEBn,30,16,95.23666697176999
Z2^1PKEl1tts78x8,30,16,95.23666697176999
D>dYyhB5vqNbhGHi,30,16,95.23666697176999
2skOnW4gy!fI3F46,30,16,95.23666697176999
8GfCMaXdm]oX4dEg,30,16,95.23666697176999
Dz&2KpjFfUu32MsS,30,16,95.23666697176999
PHhsBsi5TG!Z5UkR,30,16,95.23666697176999
iOVulqvhVE4RA@mC,30,16,95.23666697176999
TiU!oB70h9I9Ha6C,30,16,95.23666697176999
X7eHr^UL2I4Xu5ho,30,16,95.23666697176999
cEayFBfztD4!siGg,30,16,95.23666697176999
AbaoDDHuhH8dJ*gI,30,16,95.23666697176999
mrLrjKfsvPcdM2@X,30,16,95.23666697176999
JqBgBx]b1MJiCt00,30,16,95.23666697176999
k;I0rnF60vKJuGLC,30,16,95.23666697176999
sggKy@JDazg7K!Sw,30,16,95.23666697176999
)DY5GfMQDzMyuxig,30,16,95.23666697176999
328Nuxbd)TaIzNsV,30,16,95.23666697176999
6on0aBkH!CfTQbs5,30,16,95.23666697176999
yx9w@5v4UGz3KwIu,30,16,95.23666697176999
XKFgY394!92HgOvt,30,16,95.23666697176999
SVqebBr1#eIPNksp,30,16,95.23666697176999
g}EKLretW9zVHHVp,30,16,95.23666697176999
dF}8mul5H0AKcWh2,30,16,95.23666697176999
@rVjuVuwLARCkQ6l,30,16,95.23666697176999
P3ZWD1tfPFr3Fn@u,30,16,95.23666697176999
0jhbdB6sNC>onRbG,30,16,95.23666697176999
StDaeK43PuOPJo^e,30,16,95.23666697176999
ME9eS!Zc9JT87kzI,30,16,95.23666697176999
rlYNdgCg79st]AL1,30,16,95.23666697176999
e1GzLrKK!ptkBUQb,30,16,95.23666697176999
"Op,vb3GWMImpbVyH",30,16,95.23666697176999
Ht5zwe@VMx3j6aLK,30,16,95.23666697176999
tg2!tZeq6VtUrVJK,30,16,95.23666697176999
LRtB3rNqy4MUKmX^,30,16,95.23666697176999
keJ[pO1FzdrF1zAF,30,16,95.23666697176999
aR7ysBFgg2WZP!PN,30,16,95.23666697176999
N1UQsBQBNLOU^r4Y,30,16,95.23666697176999
7JGJPYH)E7EWgXVR,30,16,95.23666697176999
sXrv6Lsn8;cZb5Pn,30,16,95.23666697176999
1wrbnkYLP9f*67od,30,16,95.23666697176999
43HPR]c3GKnilyog,30,16,95.23666697176999
hzBc9!tDR9!5nc6q,30,16,95.23666697176999
LNfj-rWsUUr44WLq,30,16,95.23666697176999
p+4SeDLX8kZEXrcJ,30,16,95.23666697176999
QGwELJCOpQB0(tHD,30,16,95.23666697176999
WFd0I3Uh@lCyVhD0,30,16,95.23666697176999
@eleJDIrQhGwb9gv,30,16,95.23666697176999
|yEHMeX8027S13fk,30,16,95.23666697176999
g.S4BQPdY804JhNk,30,16,95.23666697176999
XjUqXG@8JF5buHdW,30,16,95.23666697176999
lD@4oRXUO30JhT9V,30,16,95.23666697176999
z18avMbmzOP#NDwQ,30,16,95.23666697176999
.W7vqZ8zAmoEHA5b,30,16,95.23666697176999
ujnPvK4Nmb6@9gOA,30,16,95.23666697176999
VOdTncOJbi7PAeE@,30,16,95.23666697176999
zuS0iDU3O7pDK6a<,30,16,95.23666697176999
(bZ6ZVot8bvJ45RX,30,16,95.23666697176999
yO(5ZoWMdAeloFtc,30,16,95.23666697176999
rcfj6lN%5F5VCSL9,30,16,95.23666697176999
ZBja5xiaaLVjc#we,30,16,95.23666697176999
3@POCuY4a7qSyW!j,30,16,95.23666697176999
DBRuT2Me4_1p3xiU,30,16,95.23666697176999
kzViqpqumhssW-wE,30,16,91.8903260740085
hpVm4fxkGxe!a771,30,16,95.23666697176999
0j04lYsjG!vgdUTf,30,16,95.23666697176999
en8WFqAnqvH/XXzG,30,16,95.23666697176999
E@M2y2nRvjFaDA0R,30,16,95.23666697176999
@5jMKbVpHrvcqrs2,30,16,95.23666697176999
}bCWIcJWL2vr2cwi,30,16,95.23666697176999
xSz!ZJMrF4WTOYIT,30,16,95.23666697176999
W4TSVm@ptOY0G6vs,30,16,95.23666697176999
E89F-AuR65UG2gut,30,16,95.23666697176999
RhCnVIqeLD4hNqJ_,30,16,95.23666697176999
fBN0gFjO&aFOYwPB,30,16,95.23666697176999
5VM12a!q67NdiH1j,30,16,95.23666697176999
ut86jNfqJ9J@KBVc,30,16,95.23666697176999
9DTqwaomj2oQ)8bD,30,16,95.23666697176999
r0PynT7u92!7YqOi,30,16,95.23666697176999
wzNsie7aY1Jk8aB@,30,16,95.23666697176999
CVP*MAujwKQ6IhiY,30,16,95.23666697176999
k5nw!LLqXNL!68sS,30,16,95.23666697176999
vmDUfrvjkhY0ilz!,30,16,95.23666697176999
wCw5S2bw8vbWM1!P,30,16,95.23666697176999
rOen0sM@M7qh@7nt,30,16,95.23666697176999
>GVdekJhQtW3ocKg,30,16,95.23666697176999
chhpK42dZTU7@Rat,30,16,95.23666697176999
?k3WGPg5j41KXKF2,30,16,95.23666697176999
1dWnso2XjsX!mmI2,30,16,95.23666697176999
@FzjRvunmTuNS6RX,30,16,95.23666697176999
YKav6ygUY8j8zS.3,30,16,95.23666697176999
Tr8ax6jyvPI@ysMt,30,16,95.23666697176999
5+sve3fTakG0vUjA,30,16,95.23666697176999
p3iD7A4@6mbyzoPB,30,16,95.23666697176999
K6aYW9DcHzuGp@He,30,16,95.23666697176999
Iqdbk8ma-CIRcx2G,30,16,95.23666697176999
eBxReP%jykFnED5A,30,16,95.23666697176999
nEohphtfhWnJI#4L,30,16,95.23666697176999
!s4mZPzg0!Vvtt77,30,16,95.23666697176999
O2yflxME+gIrFNTr,30,16,95.23666697176999
s1dbUJ@NZ1uSQinF,30,16,95.23666697176999
2vW@awOFBFh4!tBA,30,16,95.23666697176999
C$YonXs3Sy9LJifh,30,16,95.23666697176999
h$JN1WfOTkQ0WNVl,30,16,95.23666697176999
QXHjcZm[CzTD06GY,30,16,95.23666697176999
f+uhomgbs5HAGBtV,30,16,95.23666697176999
U2FOGQl=iF3PL3lr,30,16,95.23666697176999
8F)ZlIc3kRVe3QXY,30,16,95.23666697176999
(kEFwaY2gwTeYCX6,30,16,95.23666697176999
43Pd5f0s#f4w1Lcn,30,16,95.23666697176999
D50GgVt@TR74W6PM,30,16,95.23666697176999
kpSjskuE)3hRgCwv,30,16,95.23666697176999
19ciuZrw3k5dYmg&,30,16,95.23666697176999
CStkoBI6oxTML=CY,30,16,95.23666697176999
OSYxqo6h!lTlJNm!,30,16,95.23666697176999
OlYokhsDxN7?YGXo,30,16,95.23666697176999
8p3-CfKV4utWvwk2,30,16,95.23666697176999
nHqqApRSiT8RGES<,30,16,95.23666697176999
A@Ds3YhyEoDyrJ8!,30,16,95.23666697176999
(AwTK15cinRGO7t4,30,16,95.23666697176999
{qcP5cEGGFabqQDc,30,16,95.23666697176999
19.hEmUDK3YHK5Iv,30,16,95.23666697176999
MOUsyCs@IDnu4NOy,30,16,95.23666697176999
ZY9zB5cXDJJ0S*ym,30,16,95.23666697176999
Y788BERRUdHIp8E?,30,16,95.23666697176999
HDur0@CQfSGzfUGh,30,16,95.23666697176999
bdgC2Di@BdVzdVYJ,30,16,95.23666697176999
FonNKVhp2!RgLcuc,30,16,95.23666697176999
wI)57E3TfPqNLd7w,30,16,95.23666697176999
Kb73BKjyP5PmG!Gs,30,16,95.23666697176999
8EXM67k]TTIud4YZ,30,16,95.23666697176999
lKBwEmovVBX:SIO7,30,16,95.23666697176999
D9e5DTLeSx9ACs[o,30,16,95.23666697176999
zTYir68izYlYXYx|,30,16,95.23666697176999
f3aV5p49.lTsgcX9,30,16,95.23666697176999
"WtA2HCYVGXw0x,pT",30,16,95.23666697176999
0mZ2NgE@f2b5E25z,30,16,95.23666697176999
bOh8AF-3W0Q87JBF,30,16,95.23666697176999
2DQqOIOfZL+NT2fm,30,16,95.23666697176999
iyTf1hkSGd5m3-XF,30,16,95.23666697176999
qVC3P9Yyqu!lJFj7,30,16,95.23666697176999
vVm5L0qk1@ViM2wf,30,16,95.23666697176999
OZTvRwkW09XUz4G!,30,16,95.23666697176999
56ex!5yd@P5eX55J,30,16,95.23666697176999
EcOFx96LtCYMPb=X,30,16,95.23666697176999
SGdkU!mr3TEmWgpX,30,16,95.23666697176999
c2@Zv9kysQmCdKld,30,16,95.23666697176999
Hx1PGdqoSY&Iz8T1,30,16,95.23666697176999
ttY0fZ7QHnEoD{gG,30,16,95.23666697176999
Tr83kWBlgz5mz>2j,30,16,95.23666697176999
dPrcR1cwqI8XWG%d,30,16,95.23666697176999
St@Fu9k3RId7lGCJ,30,16,95.23666697176999
zrZRCfbZIJBl94H!,30,16,95.23666697176999
A3LuLl@lbpd5xfzH,30,16,95.23666697176999
{2vSGqJy6rLCbdH9,30,16,95.23666697176999
2ZZL6oBdq;EEGz2G,30,16,95.23666697176999
1gON0g!1SNuGl8KN,30,16,95.23666697176999
Adc6lDvCiEgX55@2,30,16,95.23666697176999
u5s0Hz(SrQWoeYI0,30,16,95.23666697176999
M:2rHmlvaB2KLWhL,30,16,95.23666697176999
a5zrigJ-xAIpxgfD,30,16,95.23666697176999
psoM3B$3cXv5UnQK,30,16,95.23666697176999
umC4Xhd65M6@GOzr,30,16,95.23666697176999
dONVqA0Irj9ZjO@Z,30,16,95.23666697176999
0cX+pYgwFVDgGrn9,30,16,95.23666697176999
z>3GO33lqZhcYqBZ,30,16,95.23666697176999
BGxehpMRZmpua!5V,30,16,95.23666697176999
o0Nn3QS{LBHGsLHq,30,16,95.23666697176999
bXR1axZMjr@GLkOP,30,16,95.23666697176999
Ji2rZNcG@QR9mDP0,30,16,95.23666697176999
sM;iMj2drprjMK9F,30,16,95.23666697176999
@RaTrzTsw8KLhMkL,30,16,95.23666697176999
hZx6jGp=PvGEfGzR,30,16,95.23666697176999
-gMn8DAoA7UTAbAr,30,16,95.23666697176999
nE4oZUSjLibw@mOV,30,16,95.23666697176999
dq1fGFg:z2GQujbd,30,16,95.23666697176999
EQHQxEV8zigVdbI),30,16,95.23666697176999
b1Qj5LurxUvB0yY!,30,16,95.23666697176999
EHsIRGK5aZs8!LEh,30,16,95.23666697176999
NEGtYny$KlWmzdU3,30,16,95.23666697176999
m4@piBuaKXUCZxBF,30,16,95.23666697176999
b7w7mqa3@Yyi2nqo,30,16,95.23666697176999
"5vbfpXine,zDNJ0S",30,16,95.23666697176999
!UMs01Q7IsnUB72C,30,16,95.23666697176999
2gbLM9Kz3H@50gGQ,30,16,95.23666697176999
wmU0hJFDSoNt!8!!,30,16,95.23666697176999
